Id,Prenom,Nom,Date_naissance
1,Augustin,Garnier,1960-07-08
2,Noé,Nicolas,1968-12-23
3,Arthur,Leclercq,1967-10-21
4,Victoria,Vincent,1971-06-06
5,Emma,Roger,1996-02-17
6,Sacha,Petit,1962-02-18
7,Gabin,Caron,1999-10-18
8,Romy,Bernard,1963-05-31
9,Ibrahim,Andre,1974-07-13
10,Enzo,Roux,1988-08-09
11,Adèle,Marie,1996-06-13
12,Paul,Michel,1997-07-02
13,Olivia,Lemoine,1980-11-26
14,Ambre,Clement,1981-11-09
15,Paul,Roy,1961-02-23
16,Tom,Dupont,1981-12-06
17,Mathis,Picard,1992-09-15
18,Victor,Roux,1979-08-13
19,Mohamed,Clement,1990-11-10
20,Alma,Gauthier,1986-11-05
21,Lyam,Lambert,1969-10-10
22,Marceau,Meunier,1986-06-30
23,Nina,Giraud,1992-09-10
24,Romane,Arnaud,1982-08-02
25,Ambre,Noel,1960-04-19
26,Nour,Payet,1967-07-02
27,Tiago,Meunier,1991-10-31
28,Milo,Meyer,1993-02-26
29,Lyana,Perrin,1986-03-13
30,Lina,David,1989-06-16
31,Luna,Blanc,1995-08-30
32,Raphaël,Schmitt,1970-08-29
33,Elio,Boyer,1994-08-11
34,Jeanne,Laurent,1970-02-14
35,Lyana,Martin,1968-06-22
36,Eden,Gautier,1987-12-15
37,Noé,Joly,1980-09-08
38,Luna,Simon,1970-01-06
39,Eden,Robert,1966-09-20
40,Charlotte,Leroy,1996-04-26
41,Raphaël,Simon,1980-01-28
42,Tiago,Rousseau,1975-11-07
43,Léna,Faure,1992-06-16
44,Juliette,Gerard,1996-05-22
45,Marceau,Dumas,1975-02-13
46,Malo,Vincent,1975-02-02
47,Lya,Boyer,1988-05-15
48,Lucie,Marchand,1991-08-25
49,Ibrahim,David,1984-11-05
50,Imran,Lacroix,1985-07-24
51,Ibrahim,Chevalier,1962-09-20
52,Lyana,Gautier,1966-07-31
53,Valentin,Brun,1960-09-09
54,Léna,Nicolas,1995-07-04
55,Lou,Gautier,1988-03-30
56,Isaac,Boyer,1967-11-26
57,Romane,Barbier,1969-11-06
58,Robin,Petit,1998-11-07
59,Tom,Brun,1990-09-08
60,Isaac,Garcia,1963-02-09
61,Mia,Arnaud,1991-09-26
62,Lucas,Lefevre,1963-01-30
63,Eliott,Lefevre,1978-04-19
64,Lou,Picard,1964-08-26
65,Lyana,Philippe,1998-09-10
66,Axel,Fontaine,1969-06-02
67,Ethan,Leroy,1975-07-17
68,Gabin,Caron,1965-11-14
69,Léon,Petit,1983-05-23
70,Paul,Boyer,1986-08-04
71,Eden,Garcia,1978-03-30
72,Alba,Lefebvre,1962-08-13
73,Juliette,Fontaine,1971-06-20
74,Nour,Moreau,1962-03-10
75,Mathis,Dumas,1973-10-20
76,Léo,Clement,1995-08-22
77,Louise,Leclercq,1991-09-08
78,Hugo,Giraud,1965-01-08
79,Lyana,Lemaire,1973-01-20
80,Luna,Dumas,1976-02-20
81,Eva,Roche,1968-10-07
82,Julia,Leclercq,1969-07-23
83,Julia,Moreau,1983-05-18
84,Robin,Meyer,1983-06-29
85,Charlotte,Bourgeois,1968-08-16
86,Léon,Renard,1960-06-02
87,Mya,Gaillard,1975-09-20
88,Robin,Nicolas,1986-07-06
89,Milo,Bourgeois,1995-05-22
90,Gabin,Martinez,1992-12-10
91,Giulia,Legrand,1984-07-20
92,Lou,Lecomte,1976-10-24
93,Elena,Simon,1998-01-18
94,Léonie,Meyer,1988-12-22
95,Eden,Martin,1994-12-22
96,Luna,Leroy,1964-05-02
97,Valentin,Blanchard,1994-04-17
98,Julia,Renaud,1990-03-28
99,Gabriel,Noel,1980-08-02
100,Léonie,Joly,1969-02-05
101,Aaron,Durand,1983-04-28
102,Olivia,Denis,1975-01-10
103,Robin,Barbier,1998-04-25
104,Luna,Lecomte,1997-08-04
105,Aaron,Leroux,1987-02-09
106,Adam,Arnaud,1997-06-19
107,Marius,Guillaume,1982-06-08
108,Adam,Gerard,1972-07-30
109,Augustin,Masson,1998-10-01
110,Marius,Francois,1992-06-24
111,Elio,Payet,1969-02-23
112,Malo,Leclercq,1987-10-02
113,Lina,Gerard,1987-12-05
114,Mya,Vidal,1967-04-14
115,Elena,Fournier,1966-06-10
116,Agathe,Roche,1991-01-27
117,Ethan,Joly,1962-09-22
118,Agathe,Faure,1972-01-07
119,Ava,Roche,1981-08-13
120,Lucas,Bernard,1984-04-24
121,Imran,Nicolas,1995-10-02
122,Paul,Fournier,1985-01-29
123,Malo,Francois,1965-06-02
124,Timéo,Fontaine,1984-10-02
125,Lyam,Benoit,1981-11-08
126,Romane,Durand,1978-04-17
127,Julia,Fontaine,1998-11-09
128,Rayan,David,1990-07-08
129,Tiago,Guillaume,1971-05-29
130,Lina,Fournier,1967-01-29
131,Tiago,Lambert,1990-07-10
132,Raphaël,Mercier,1960-12-15
133,Emy,Vincent,1988-12-14
134,Nina,Vincent,1972-04-02
135,Marius,Payet,1996-09-09
136,Rose,Roy,1998-12-26
137,Louise,Lemoine,1998-03-10
138,Hugo,Laurent,1973-10-06
139,Victoire,Roux,1963-11-24
140,Victoria,Garcia,1999-02-17
141,Tiago,Lefevre,1990-12-11
142,Adèle,Lefevre,1974-10-19
143,Nathan,Girard,1995-10-03
144,Jeanne,Dumas,1961-09-24
145,Tiago,Muller,1983-07-07
146,Louise,Blanc,1980-05-31
147,Nina,Marchand,1986-06-25
148,Maël,Renard,1972-05-11
149,Charlotte,Fournier,1977-07-13
150,Nino,Martin,1984-12-18
151,Louise,Fabre,1986-01-05
152,Robin,Muller,1977-09-06
153,Ayden,Lecomte,1985-03-15
154,Ayden,Lemaire,1976-06-16
155,Lyana,Mathieu,1984-07-27
156,Léonie,Marie,1986-05-23
157,Noé,Bourgeois,1998-07-27
158,Nathan,Riviere,1993-12-20
159,Julia,Duval,1987-01-25
160,Ayden,Morin,1993-09-07
161,Sacha,Rolland,1980-07-26
162,Raphaël,Lacroix,1973-02-18
163,Sacha,Guillaume,1988-08-26
164,Milo,Roussel,1986-03-15
165,Victoria,Olivier,1971-09-18
166,Léo,Moreau,1960-09-09
167,Victor,Garnier,1978-09-26
168,Maël,Payet,1994-01-13
169,Charlie,Guillaume,1969-01-01
170,Ayden,Roche,1995-12-30
171,Léa,Brunet,1962-11-28
172,Lya,Fournier,1970-09-25
173,Léon,Fontaine,1960-04-20
174,Elena,Bertrand,1982-03-13
175,Marius,Barbier,1983-12-29
176,Martin,Rolland,1965-05-27
177,Louna,Brun,1962-10-08
178,Mia,Muller,1971-05-13
179,Olivia,Roche,1996-02-27
180,Léa,Leroy,1963-09-16
181,Nour,Martin,1989-10-21
182,Léo,Guerin,1977-05-17
183,Aaron,Lemoine,1998-03-22
184,Ethan,Francois,1975-06-29
185,Lucie,Chevalier,1960-08-04
186,Théo,Riviere,1962-07-14
187,Chloé,Legrand,1968-05-03
188,Olivia,Roger,1975-06-08
189,Adam,Richard,1964-10-05
190,Eden,Colin,1965-07-01
191,Louna,Schmitt,1982-07-10
192,Arthur,Thomas,1996-01-24
193,Inaya,Riviere,1971-12-05
194,Lina,Richard,1991-05-14
195,Romane,Rousseau,1965-10-12
196,Mya,Meyer,1994-03-31
197,Jeanne,Dumas,1988-01-26
198,Inaya,Giraud,1971-08-23
199,Jade,Dufour,1993-06-12
200,Agathe,Leclercq,1987-05-18
201,Liam,Barbier,1960-06-12
202,Louis,Dumont,1961-01-29
203,Ayden,David,1985-10-09
204,Elio,Muller,1960-08-14
205,Emy,Guillaume,1975-03-19
206,Inaya,Lacroix,1964-04-15
207,Nour,Rey,1972-06-11
208,Eva,Meunier,1966-05-12
209,Malo,Roussel,1974-06-09
210,Luna,Lecomte,1987-11-23
211,Valentin,Morel,1991-05-26
212,Hugo,Simon,1990-05-21
213,Jules,Dufour,1993-09-08
214,Tiago,Duval,1970-02-11
215,Iris,Gaillard,1961-11-26
216,Eden,Guillaume,1972-01-12
217,Maël,Dubois,1973-12-16
218,Adam,Perrin,1988-06-04
219,Ayden,Renaud,1964-08-09
220,Eva,Lucas,1999-03-22
221,Paul,Laurent,1977-10-17
222,Noah,Henry,1996-09-20
223,Léa,Payet,1985-09-13
224,Noé,Mercier,1979-03-21
225,Raphaël,Noel,1968-03-14
226,Rayan,Clement,1996-01-20
227,Louise,Dufour,1989-09-17
228,Lola,Vincent,1991-11-09
229,Marius,Gerard,1995-09-28
230,Ayden,Morel,1966-07-19
231,Ethan,Andre,1982-05-31
232,Alba,Morin,1972-11-13
233,Alma,Garcia,1982-06-21
234,Chloé,Duval,1967-09-22
235,Charlie,Garcia,1995-08-17
236,Alma,Blanc,1984-09-19
237,Imran,Blanc,1986-05-26
238,Jade,Vidal,1998-10-18
239,Juliette,Renaud,1998-11-27
240,Victoire,Roger,1979-08-15
241,Lou,Boyer,1977-07-04
242,Alma,Moreau,1995-06-16
243,Enzo,Blanc,1970-05-23
244,Paul,Henry,1995-09-07
245,Lucas,Andre,1960-05-22
246,Alice,David,1967-01-15
247,Mia,Lemaire,1982-09-03
248,Arthur,Picard,1992-03-03
249,Mya,Dufour,1991-04-21
250,Amir,Martin,1984-04-30
251,Romy,Fournier,1996-04-10
252,Mia,Blanc,1988-04-23
253,Léonie,Muller,1966-10-03
254,Lucie,Pierre,1998-09-20
255,Victoria,Riviere,1986-04-30
256,Mohamed,Picard,1970-06-03
257,Lola,Meyer,1980-12-03
258,Noé,Philippe,1970-05-09
259,Alma,David,1980-06-25
260,Martin,Faure,1964-03-27
261,Charlotte,Gaillard,1960-11-04
262,Nina,Renard,1961-10-19
263,Eva,Schmitt,1979-06-27
264,Lyam,Simon,1973-11-05
265,Margaux,Faure,1995-03-26
266,Alice,Dubois,1970-01-08
267,Gabin,Fabre,1981-04-06
268,Mohamed,Dubois,1965-06-03
269,Théo,Duval,1976-03-29
270,Lina,Morel,1967-04-09
271,Lina,Lemaire,1962-04-11
272,Charlotte,Mathieu,1961-03-24
273,Ibrahim,Mercier,1989-03-12
274,Naël,Dumont,1972-06-27
275,Théo,Roussel,1965-11-01
276,Imran,Picard,1986-11-22
277,Emy,Robin,1987-10-21
278,Ibrahim,Caron,1999-01-22
279,Ayden,Leclerc,1977-06-25
280,Robin,Duval,1996-03-29
281,Tom,Morin,1968-04-17
282,Charlotte,Dumont,1964-04-21
283,Ibrahim,Lemaire,1970-10-28
284,Juliette,Martin,1971-03-13
285,Charlie,Lemaire,1992-10-02
286,Isaac,Arnaud,1985-11-22
287,Noah,Dupont,1982-06-08
288,Alix,Blanc,1996-12-31
289,Ayden,Robin,1969-04-29
290,Enzo,Lefevre,1965-01-19
291,Augustin,Masson,1969-08-19
292,Alice,Rey,1965-04-23
293,Rayan,Durand,1972-03-19
294,Emy,Benoit,1990-07-16
295,Léon,Vincent,1995-04-16
296,Juliette,Roux,1973-11-04
297,Jeanne,Dumas,1990-06-13
298,Mathis,Legrand,1997-08-15
299,Liam,Aubert,1983-10-18
300,Jade,Duval,1977-07-15
301,Victoire,Bertrand,1975-08-31
302,Sofia,Bernard,1989-03-16
303,Louise,Lefevre,1971-03-26
304,Arthur,Durand,1984-10-05
305,Adam,Thomas,1973-09-21
306,Sacha,Roche,1970-12-13
307,Zoé,Barbier,1972-12-28
308,Alba,Fontaine,1989-11-22
309,Gabriel,Marchand,1969-02-24
310,Gaspard,Lefevre,1974-04-16
311,Axel,Fabre,1988-12-30
312,Gabriel,Dupont,1963-01-31
313,Isaac,Roche,1992-04-13
314,Naël,Francois,1975-01-10
315,Mohamed,Robin,1989-06-29
316,Imran,Pierre,1999-01-29
317,Lyana,Lemoine,1971-04-19
318,Ethan,Noel,1971-06-26
319,Inaya,Pierre,1982-09-07
320,Hugo,Morel,1993-05-09
321,Mia,Gerard,1966-05-09
322,Noah,Lemaire,1996-04-11
323,Valentin,Simon,1993-02-25
324,Lya,Martin,1970-02-11
325,Valentin,Dupont,1991-04-29
326,Louise,Perrin,1966-07-30
327,Mohamed,Martinez,1979-09-18
328,Martin,Dupont,1976-02-13
329,Adam,Dubois,1961-03-20
330,Valentin,Muller,1974-02-11
331,Romy,Leroux,1997-10-30
332,Inès,Bourgeois,1967-05-02
333,Sacha,Dupont,1966-05-30
334,Timéo,Leroux,1983-09-03
335,Nour,Rolland,1960-02-17
336,Victor,Blanc,1981-09-23
337,Adam,Michel,1983-04-16
338,Aaron,Vidal,1960-07-20
339,Lucie,Martinez,1976-03-14
340,Elena,Duval,1982-08-26
341,Ethan,Nicolas,1985-08-16
342,Elena,Riviere,1960-11-18
343,Malo,Laurent,1990-01-07
344,Mila,Lemoine,1968-11-21
345,Lucas,Blanchard,1976-01-22
346,Alba,Francois,1984-03-26
347,Maël,Dupont,1972-05-13
348,Agathe,Simon,1970-10-15
349,Gabin,Muller,1979-05-21
350,Charlie,Meyer,1979-10-25
351,Ambre,Marchand,1990-11-20
352,Imran,Nicolas,1987-07-01
353,Alice,Simon,1960-12-08
354,Enzo,Picard,1998-01-19
355,Léa,Bonnet,1988-06-28
356,Elio,Laurent,1968-02-15
357,Noah,Lemoine,1995-07-04
358,Julia,Vincent,1995-10-08
359,Aaron,Roche,1966-01-25
360,Gabin,Mathieu,1999-03-25
361,Anna,Bourgeois,1983-10-15
362,Olivia,Gerard,1998-10-30
363,Ibrahim,Leclercq,1976-11-26
364,Robin,Lefevre,1968-03-07
365,Gaspard,Dupont,1990-06-24
366,Raphaël,Bertrand,1996-03-07
367,Iris,Nicolas,1974-02-02
368,Victor,Garcia,1960-11-26
369,Adèle,Roux,1977-02-28
370,Nour,Noel,1989-04-13
371,Iris,Girard,1964-12-06
372,Lya,Roy,1990-06-20
373,Enzo,Schmitt,1989-01-04
374,Robin,Dubois,1989-05-03
375,Mia,Robert,1960-02-08
376,Olivia,Duval,1973-05-29
377,Marius,Vincent,1990-10-30
378,Robin,Gauthier,1960-08-20
379,Nour,Roger,1979-08-31
380,Léon,Martin,1986-01-29
381,Emy,Renaud,1981-09-06
382,Mathis,Petit,1975-10-23
383,Léo,Caron,1967-06-07
384,Lucie,Giraud,1989-01-22
385,Imran,Leclercq,1989-10-04
386,Giulia,Blanc,1963-03-11
387,Lola,Mercier,1979-04-27
388,Léonie,Faure,1988-10-02
389,Mya,Lefebvre,1986-12-18
390,Ambre,Leclercq,1968-03-18
391,Maël,Andre,1973-05-26
392,Inaya,Leroy,1964-07-06
393,Noah,Chevalier,1997-06-08
394,Raphaël,Gaillard,1983-05-28
395,Rayan,Lambert,1967-06-07
396,Alix,Dumont,1976-11-17
397,Louise,Martin,1988-07-28
398,Jules,Gerard,1962-02-01
399,Jules,Meyer,1980-09-25
400,Gabriel,Mercier,1999-08-25
401,Arthur,Dubois,1994-06-25
402,Timéo,Joly,1990-06-11
403,Mathis,Bernard,1992-11-15
404,Noé,Joly,1977-02-04
405,Alba,Thomas,1987-12-14
406,Mathis,Dubois,1972-03-29
407,Augustin,Morin,1988-11-02
408,Rayan,Leroux,1977-01-17
409,Léna,Simon,1985-01-21
410,Chloé,Boyer,1976-03-18
411,Iris,Noel,1968-02-17
412,Timéo,Bourgeois,1963-07-29
413,Mia,Martin,1996-02-24
414,Victoria,Bourgeois,1981-11-18
415,Maël,Nicolas,1978-09-24
416,Raphaël,Legrand,1966-05-10
417,Jade,Dumont,1982-09-06
418,Mya,Legrand,1967-03-21
419,Valentin,Dupont,1984-11-19
420,Mathis,Lemaire,1973-01-11
421,Léo,Guerin,1991-12-27
422,Elena,Duval,1979-08-15
423,Juliette,Guerin,1977-09-22
424,Amir,Denis,1980-11-16
425,Luna,Meunier,1970-11-25
426,Inaya,Roche,1965-08-02
427,Chloé,Lambert,1984-03-29
428,Mohamed,Bertrand,1988-06-27
429,Victor,Lecomte,1976-04-12
430,Lucas,Noel,1994-01-21
431,Ambre,Fournier,1989-11-08
432,Isaac,Brunet,1962-07-27
433,Milo,Arnaud,1969-07-07
434,Alba,Lemaire,1961-06-30
435,Tiago,Robert,1999-11-22
436,Alice,Roche,1961-05-14
437,Lya,Payet,1993-05-30
438,Augustin,Roger,1986-01-13
439,Alma,Clement,1993-09-19
440,Marceau,Bonnet,1988-09-25
441,Adèle,Dubois,1999-03-12
442,Juliette,Chevalier,1970-10-24
443,Axel,Lecomte,1980-04-15
444,Chloé,Rousseau,1960-07-08
445,Noé,Morin,1969-02-18
446,Charlie,Caron,1984-04-03
447,Tiago,Vidal,1962-05-12
448,Louise,Payet,1976-10-12
449,Maël,Leroux,1967-01-10
450,Chloé,Andre,1975-07-16
451,Louna,David,1965-03-06
452,Elio,Joly,1998-08-04
453,Alix,Lefebvre,1999-02-06
454,Zoé,Petit,1969-12-01
455,Ibrahim,Bourgeois,1988-09-23
456,Valentin,Guerin,1996-03-17
457,Raphaël,Roy,1989-04-08
458,Elena,Henry,1986-12-05
459,Margaux,Roche,1971-12-29
460,Ibrahim,Pierre,1962-04-20
461,Lola,Garnier,1985-05-24
462,Léonie,Fontaine,1961-12-25
463,Léna,Andre,1983-11-13
464,Alice,Moreau,1977-10-06
465,Noé,Barbier,1974-12-05
466,Lyana,Leroux,1965-09-28
467,Adam,Leclerc,1967-04-11
468,Emy,Philippe,1999-11-03
469,Agathe,Robert,1979-02-01
470,Julia,Bonnet,1967-09-20
471,Ava,Rolland,1988-06-15
472,Alba,Garnier,1983-02-11
473,Léa,Martinez,1983-01-03
474,Augustin,Benoit,1991-05-07
475,Anna,Denis,1983-10-15
476,Hugo,Henry,1988-06-03
477,Maël,Michel,1993-12-14
478,Louis,Philippe,1970-03-27
479,Isaac,Noel,1996-04-01
480,Jules,Dupont,1979-10-04
481,Adam,Lemaire,1989-11-01
482,Lyam,Gerard,1999-02-10
483,Imran,Perrin,1960-09-03
484,Mathis,Barbier,1989-11-10
485,Jade,Masson,1973-01-04
486,Zoé,Garcia,1964-09-15
487,Inaya,Roger,1975-04-04
488,Augustin,Rolland,1988-09-26
489,Léo,Dupont,1999-08-30
490,Elena,Lacroix,1965-06-29
491,Ambre,Martinez,1983-12-15
492,Nathan,Aubert,1991-09-06
493,Valentin,Renaud,1987-02-10
494,Eva,Rolland,1996-07-31
495,Raphaël,Gauthier,1985-09-28
496,Alma,Legrand,1976-03-03
497,Zoé,Aubert,1991-09-19
498,Lyam,Martin,1999-02-05
499,Timéo,Girard,1984-07-01
500,Adèle,Leclerc,1970-11-18
501,Lya,Chevalier,1979-08-23
502,Isaac,Philippe,1987-01-10
503,Marius,Faure,1967-05-06
504,Mathis,Robin,1980-12-18
505,Sofia,Arnaud,1985-11-10
506,Théo,Schmitt,1960-05-10
507,Giulia,Joly,1983-05-10
508,Alma,Boyer,1989-03-18
509,Maël,Marie,1991-10-25
510,Augustin,Durand,1980-01-28
511,Axel,Thomas,1977-01-19
512,Lou,Roger,1961-06-28
513,Giulia,Lemoine,1964-07-04
514,Mya,Lefebvre,1987-03-12
515,Aaron,Petit,1997-11-24
516,Victoria,Andre,1971-11-07
517,Nour,Nicolas,1987-06-14
518,Lucie,Lacroix,1990-08-16
519,Nour,Girard,1961-02-26
520,Ethan,Leroux,1973-05-22
521,Olivia,Rolland,1969-03-05
522,Emy,Gautier,1977-05-04
523,Jules,Vincent,1980-12-13
524,Luna,Brun,1983-12-02
525,Augustin,Roy,1985-11-10
526,Axel,Duval,1960-03-11
527,Arthur,Lemoine,1970-04-11
528,Louise,Girard,1973-03-15
529,Ambre,Martinez,1970-12-21
530,Giulia,Blanc,1974-03-04
531,Louis,Lemaire,1981-09-26
532,Juliette,Lefebvre,1995-10-18
533,Rayan,Giraud,1994-11-01
534,Nino,Roche,1963-08-02
535,Axel,Roche,1993-05-23
536,Mia,Gaillard,1975-08-17
537,Romy,Morel,1972-11-09
538,Elio,Faure,1986-02-12
539,Lola,Masson,1988-10-21
540,Nour,Barbier,1968-02-26
541,Ibrahim,Morin,1966-11-21
542,Liam,Rousseau,1993-04-18
543,Jules,Clement,1967-11-07
544,Isaac,Gauthier,1988-10-28
545,Eliott,Marchand,1979-03-29
546,Eva,Nicolas,1997-02-06
547,Elena,Martinez,1984-07-12
548,Lucas,Mathieu,1982-04-04
549,Eden,Leclerc,1977-08-29
550,Charlie,Guerin,1970-08-17
551,Louise,Lucas,1987-09-29
552,Isaac,Denis,1988-02-07
553,Giulia,Fontaine,1975-08-21
554,Inaya,Lemaire,1969-06-10
555,Marius,Barbier,1968-12-04
556,Lyana,Meunier,1975-11-03
557,Hugo,Petit,1991-07-31
558,Margaux,Robert,1983-10-28
559,Adam,Thomas,1972-09-04
560,Emy,Thomas,1973-08-14
561,Valentin,Schmitt,1982-06-04
562,Léna,Legrand,1992-06-23
563,Milo,Boyer,1977-08-13
564,Eliott,Nicolas,1980-01-18
565,Maël,Vincent,1960-09-13
566,Alba,Gautier,1984-07-16
567,Gaspard,Lecomte,1982-05-03
568,Raphaël,Chevalier,1995-01-29
569,Agathe,Dumont,1967-12-22
570,Lucas,Roche,1978-05-10
571,Sofia,Guerin,1985-11-27
572,Léna,Schmitt,1964-03-20
573,Mila,Thomas,1993-09-21
574,Tiago,Moreau,1973-01-17
575,Lucas,Picard,1981-04-12
576,Lya,Morel,1982-01-30
577,Alma,Roux,1968-09-06
578,Mohamed,Girard,1982-04-24
579,Axel,Colin,1988-06-01
580,Mila,Brun,1969-06-08
581,Elena,Lucas,1972-04-30
582,Paul,Dumas,1966-03-04
583,Emma,Picard,1967-01-14
584,Lucas,Fournier,1981-06-27
585,Ayden,Roussel,1996-11-04
586,Lucie,Benoit,1986-11-22
587,Ayden,Robert,1974-03-08
588,Valentin,Lucas,1972-12-11
589,Isaac,Duval,1966-05-20
590,Ibrahim,Lemoine,1967-03-29
591,Hugo,Olivier,1989-09-19
592,Ibrahim,Dufour,1982-01-20
593,Romy,Vidal,1970-12-26
594,Margaux,Barbier,1965-09-15
595,Elena,Barbier,1982-04-19
596,Lou,Renard,1960-01-23
597,Louna,Petit,1969-12-03
598,Ibrahim,Petit,1977-02-06
599,Inaya,Thomas,1965-11-15
600,Emy,Joly,1996-10-23
601,Sofia,Chevalier,1996-12-10
602,Paul,Masson,1968-03-25
603,Hugo,Lacroix,1989-04-12
604,Victoire,Denis,1990-09-13
605,Nathan,Meyer,1985-02-05
606,Jules,Roche,1976-09-14
607,Léo,Garcia,1966-05-01
608,Gabriel,Benoit,1994-08-20
609,Louna,Leclercq,1973-01-25
610,Aaron,Noel,1969-05-15
611,Margaux,Rolland,1972-01-07
612,Emma,Thomas,1984-09-28
613,Amir,Gaillard,1971-09-11
614,Iris,Martinez,1968-11-28
615,Ethan,Clement,1989-04-23
616,Adam,Lacroix,1988-10-02
617,Léo,Petit,1991-01-18
618,Eden,Meyer,1974-10-30
619,Nathan,Noel,1970-11-28
620,Paul,Olivier,1985-09-22
621,Augustin,Robert,1974-10-09
622,Isaac,Rey,1968-02-08
623,Emma,Rolland,1970-11-13
624,Gabin,Dufour,1991-01-14
625,Alix,Thomas,1967-07-20
626,Sacha,Lacroix,1999-01-21
627,Romane,Guerin,1966-12-20
628,Sofia,Bernard,1994-12-23
629,Inaya,Picard,1970-06-07
630,Louise,Payet,1991-04-26
631,Eva,Dupont,1982-07-05
632,Enzo,Pierre,1986-12-26
633,Noah,Roussel,1965-10-24
634,Victor,Dumas,1966-09-25
635,Aaron,Colin,1974-07-18
636,Mohamed,Lecomte,1964-06-03
637,Victoria,Rousseau,1981-04-11
638,Agathe,Thomas,1998-05-11
639,Emy,Gautier,1991-05-18
640,Léonie,Roussel,1969-01-05
641,Adèle,Denis,1971-03-06
642,Victoire,Robert,1973-09-08
643,Zoé,Gauthier,1986-08-20
644,Léon,Mercier,1976-08-17
645,Ava,Leclerc,1985-06-16
646,Théo,Morin,1984-11-22
647,Lola,Bourgeois,1987-03-31
648,Imran,Robin,1968-04-18
649,Jules,Roche,1983-07-31
650,Aaron,Henry,1999-03-25
651,Nina,Blanchard,1963-06-17
652,Jade,Roger,1973-04-30
653,Léonie,Roy,1999-07-11
654,Jeanne,Dubois,1997-03-22
655,Tom,Morel,1999-05-08
656,Léna,Duval,1960-11-08
657,Gabin,Lefebvre,1981-01-26
658,Paul,Marchand,1989-10-12
659,Léna,Laurent,1977-07-19
660,Charlie,Mathieu,1980-05-12
661,Lou,Francois,1986-04-03
662,Noé,Lecomte,1969-02-13
663,Martin,Robin,1967-08-03
664,Gabriel,Blanc,1992-10-01
665,Louna,Dubois,1975-05-15
666,Julia,Picard,1963-03-11
667,Hugo,Muller,1963-12-25
668,Victor,Gerard,1969-03-27
669,Giulia,Blanc,1981-11-11
670,Paul,Olivier,1995-03-16
671,Valentin,Giraud,1992-01-17
672,Lucie,Laurent,1992-03-21
673,Lyam,Bernard,1993-10-02
674,Nina,Brunet,1961-04-18
675,Rose,Roche,1966-07-26
676,Chloé,Dumont,1966-01-03
677,Nathan,Perrin,1986-07-01
678,Raphaël,Thomas,1978-11-21
679,Alix,Roussel,1961-07-19
680,Mathis,Dupont,1974-10-29
681,Gabin,Lecomte,1989-07-24
682,Léon,Guerin,1962-09-14
683,Alice,Moreau,1976-02-15
684,Théo,Payet,1996-02-17
685,Louna,Rey,1964-10-26
686,Gaspard,Bernard,1964-10-24
687,Mathis,Vincent,1964-06-15
688,Ava,Chevalier,1981-06-21
689,Raphaël,Durand,1982-10-17
690,Robin,Giraud,1970-11-10
691,Noah,Bernard,1989-06-09
692,Inaya,Benoit,1975-04-06
693,Romy,Caron,1996-02-15
694,Giulia,Aubert,1979-05-24
695,Malo,Blanc,1979-04-01
696,Alba,Leroux,1968-06-30
697,Lyana,Michel,1972-08-01
698,Valentin,Guerin,1977-03-19
699,Julia,Bertrand,1960-11-24
700,Raphaël,Lefebvre,1980-10-09
701,Lola,Gauthier,1992-01-05
702,Ava,Thomas,1969-04-24
703,Luna,Marie,1985-06-13
704,Léo,Duval,1992-05-03
705,Léo,Vidal,1983-03-24
706,Zoé,Gerard,1994-10-03
707,Sofia,Colin,1999-09-21
708,Romy,David,1967-08-21
709,Emy,Simon,1998-10-03
710,Zoé,Durand,1963-01-08
711,Margaux,Bonnet,1990-01-28
712,Robin,Dupont,1985-08-18
713,Léonie,Gerard,1976-05-11
714,Ethan,Leroux,1964-06-21
715,Mila,Robert,1974-07-02
716,Inès,Girard,1960-10-19
717,Augustin,Dumas,1978-07-13
718,Mya,Fabre,1985-03-22
719,Paul,Michel,1967-09-06
720,Lucas,Duval,1993-11-11
721,Gabriel,Gautier,1981-03-19
722,Victoria,Legrand,1960-10-12
723,Zoé,Roussel,1985-05-24
724,Louis,Picard,1964-06-09
725,Elena,Caron,1975-02-23
726,Lyam,Robin,1986-03-07
727,Gabriel,Brunet,1990-05-19
728,Rayan,Leroy,1989-06-05
729,Hugo,Barbier,1961-07-16
730,Mathis,Olivier,1987-09-06
731,Lucas,Blanc,1997-02-22
732,Alba,Noel,1977-09-21
733,Milo,Andre,1970-08-24
734,Léna,Nicolas,1986-07-10
735,Maël,Fournier,1998-12-06
736,Rayan,Girard,1961-05-22
737,Mohamed,Meunier,1973-11-24
738,Isaac,Roche,1997-08-22
739,Sacha,Dumas,1996-10-23
740,Imran,Muller,1980-02-16
741,Chloé,Schmitt,1963-07-07
742,Marius,Boyer,1966-11-18
743,Ayden,Richard,1968-03-07
744,Marius,Durand,1971-07-21
745,Tom,Petit,1964-11-11
746,Victor,Vincent,1996-11-14
747,Théo,Joly,1982-01-03
748,Naël,Garnier,1986-05-28
749,Valentin,Olivier,1962-05-13
750,Victor,Perrin,1998-08-16
751,Noé,Dufour,1992-03-09
752,Mathis,Petit,1975-01-22
753,Paul,Pierre,1979-07-16
754,Tiago,Olivier,1989-10-17
755,Ayden,Blanc,1987-01-13
756,Raphaël,Lucas,1985-10-16
757,Noé,Thomas,1971-06-16
758,Tom,Fournier,1961-08-04
759,Lou,Guillaume,1961-03-10
760,Mohamed,Vidal,1965-03-24
761,Valentin,Rey,1961-11-15
762,Julia,Aubert,1970-02-15
763,Tiago,Fontaine,1973-07-05
764,Aaron,Duval,1999-03-30
765,Gaspard,Girard,1980-09-25
766,Nino,Caron,1976-06-16
767,Mila,Lemoine,1978-01-28
768,Ambre,Marchand,1971-03-09
769,Jeanne,Arnaud,1993-04-09
770,Iris,Bonnet,1969-07-11
771,Zoé,Renaud,1984-03-22
772,Sofia,Olivier,1995-02-01
773,Alix,Dufour,1988-06-26
774,Léa,Richard,1993-04-19
775,Emy,Guerin,1982-05-19
776,Raphaël,Muller,1970-12-29
777,Aaron,Bernard,1988-03-25
778,Valentin,Roux,1962-08-05
779,Amir,Dubois,1971-07-30
780,Giulia,Thomas,1976-07-06
781,Victor,Robin,1973-04-28
782,Agathe,Dumas,1994-08-25
783,Raphaël,Noel,1977-05-01
784,Alba,Meunier,1988-08-29
785,Anna,Duval,1965-11-04
786,Gaspard,Perrin,1977-03-20
787,Iris,Guerin,1966-05-24
788,Luna,Marchand,1977-06-06
789,Rayan,Guerin,1961-03-03
790,Julia,Mathieu,1984-07-19
791,Olivia,Moreau,1994-01-22
792,Enzo,Bourgeois,1970-08-27
793,Iris,Simon,1966-11-26
794,Marius,Roux,1964-04-13
795,Emy,Gaillard,1976-04-22
796,Hugo,Moreau,1965-09-05
797,Léonie,Roy,1977-05-08
798,Ayden,Roux,1989-07-22
799,Noé,Dumont,1971-01-16
800,Louise,Brun,1973-11-27
801,Charlie,Robin,1996-11-06
802,Lina,Roussel,1969-06-18
803,Eden,Martin,1965-09-06
804,Giulia,Marchand,1960-07-23
805,Juliette,Schmitt,1994-04-06
806,Théo,Payet,1994-01-29
807,Enzo,Robin,1967-05-13
808,Eliott,Lecomte,1969-07-23
809,Paul,Guillaume,1994-09-03
810,Elena,Lambert,1994-08-08
811,Jade,Joly,1996-05-26
812,Ayden,Thomas,1961-03-27
813,Léonie,Leroux,1983-04-23
814,Mila,Leroux,1979-09-29
815,Sofia,Meyer,1964-02-14
816,Olivia,Chevalier,1987-07-14
817,Romy,Colin,1996-12-14
818,Inaya,Durand,1985-03-12
819,Nino,Gerard,1968-05-29
820,Imran,Roussel,1976-02-08
821,Hugo,Schmitt,1997-11-14
822,Arthur,Brun,1961-02-28
823,Elena,Andre,1988-11-12
824,Louis,Lefebvre,1960-02-18
825,Alma,Colin,1975-10-08
826,Lucas,Leroux,1969-07-08
827,Gabin,Girard,1983-02-09
828,Timéo,Lefevre,1987-05-12
829,Eva,Renard,1979-10-03
830,Léonie,Lefevre,1995-11-06
831,Ayden,Robert,1980-11-24
832,Chloé,Payet,1986-12-02
833,Gaspard,Richard,1990-06-07
834,Mya,Roy,1971-06-19
835,Mia,Picard,1980-03-20
836,Agathe,Payet,1961-08-04
837,Hugo,Bernard,1965-03-15
838,Nino,Nicolas,1982-03-21
839,Ayden,Morin,1970-12-29
840,Elena,Caron,1999-02-20
841,Lina,Fontaine,1992-04-05
842,Emy,Marie,1984-06-25
843,Louna,Muller,1978-02-22
844,Inaya,Denis,1967-09-16
845,Nino,Leclerc,1972-12-03
846,Lucas,Laurent,1969-02-24
847,Isaac,Leroux,1969-07-20
848,Milo,Lecomte,1983-12-01
849,Raphaël,Roger,1975-12-08
850,Nour,Meyer,1960-01-30
851,Jade,Brunet,1961-08-12
852,Adam,Meyer,1969-11-02
853,Sacha,Dubois,1977-06-25
854,Marius,Morel,1964-01-27
855,Victoire,Masson,1966-01-06
856,Imran,Muller,1996-01-31
857,Margaux,Giraud,1992-10-24
858,Sofia,Nicolas,1998-10-22
859,Alma,Moreau,1983-03-17
860,Rayan,Boyer,1971-02-04
861,Zoé,Chevalier,1979-03-16
862,Alba,Gautier,1994-02-15
863,Alice,Martinez,1970-01-18
864,Eden,Masson,1993-07-24
865,Lucas,Aubert,1979-08-24
866,Milo,Michel,1966-01-05
867,Naël,Caron,1970-01-02
868,Ibrahim,Masson,1960-03-13
869,Mathis,Bonnet,1975-04-03
870,Aaron,Lucas,1969-03-19
871,Marius,Duval,1971-06-11
872,Victoire,Laurent,1990-02-11
873,Alba,Leclerc,1976-02-05
874,Hugo,Fabre,1991-01-31
875,Tom,Mercier,1961-08-28
876,Mya,Morel,1966-11-01
877,Victoria,Masson,1978-07-19
878,Ayden,Fontaine,1961-11-01
879,Iris,Riviere,1968-07-29
880,Elio,Henry,1975-04-11
881,Mohamed,Dumas,1974-04-23
882,Alice,Morin,1969-05-17
883,Imran,Dufour,1974-01-07
884,Valentin,Picard,1982-03-06
885,Hugo,Chevalier,1995-02-06
886,Ethan,Brun,1965-04-15
887,Jade,Duval,1992-04-04
888,Victoire,Morin,1971-06-06
889,Marceau,Aubert,1966-08-28
